{"cameraMode":{"drawMode":0,"name":"Shaded","section":"Shading Mode"},"sceneLighting":true,"audioPlay":false,"sceneViewState":{"showFog":true,"showMaterialUpdate":false,"showSkybox":true,"showFlares":true,"showImageEffects":true,"showParticleSystems":true,"showVisualEffectGraphs":true,"m_FxEnabled":true},"in2DMode":false,"pivot":{"x":-0.2643517553806305,"y":-0.39884552359580996,"z":-4.500648498535156},"rotation":{"x":-0.09277648478746414,"y":-0.0918700098991394,"z":0.008598909713327885,"w":-0.9914013147354126},"size":5.8599772453308109,"orthographic":false}